City_ID,City,Lat,Lng,Max Temp,Humidity,Cloudiness,Wind Speed,Country,Date,Description
0,Cortez,37.35,-108.59,77.0,22,1,5.82,US,2020-09-07 03:51:58,clear sky
1,Pevek,69.7,170.31,45.68,69,27,14.58,RU,2020-09-07 03:48:53,scattered clouds
2,Hermanus,-34.42,19.23,52.23,84,4,7.61,ZA,2020-09-07 03:48:38,clear sky
3,Ushuaia,-54.8,-68.3,35.6,89,40,10.29,AR,2020-09-07 03:48:36,scattered clouds
4,Atuona,-9.8,-139.03,78.66,77,19,18.61,PF,2020-09-07 03:51:58,light rain
5,Hilo,19.73,-155.09,82.4,61,90,8.05,US,2020-09-07 03:51:59,overcast clouds
6,Khatanga,71.97,102.5,52.9,55,0,4.72,RU,2020-09-07 03:51:59,clear sky
7,Cape Town,-33.93,18.42,48.99,93,0,1.12,ZA,2020-09-07 03:51:59,clear sky
8,Port Alfred,-33.59,26.89,58.01,86,26,10.16,ZA,2020-09-07 03:52:00,scattered clouds
9,Denpasar,-8.65,115.22,84.2,83,20,16.11,ID,2020-09-07 03:49:25,few clouds
10,Koplik,42.21,19.44,62.6,67,0,2.24,AL,2020-09-07 03:52:00,clear sky
11,Mar Del Plata,-38.0,-57.56,45.0,78,0,6.76,AR,2020-09-07 03:49:12,fog
12,Gogrial,8.53,28.1,69.73,97,86,5.44,SS,2020-09-07 03:52:00,light rain
13,Flinders,-34.58,150.86,66.99,64,0,11.99,AU,2020-09-07 03:52:00,clear sky
14,Guangyuan,32.44,105.82,75.99,67,0,3.13,CN,2020-09-07 03:52:01,clear sky
15,Punta Arenas,-53.15,-70.92,41.0,80,100,4.7,CL,2020-09-07 03:48:55,overcast clouds
16,Rikitea,-23.12,-134.97,72.95,85,0,9.13,PF,2020-09-07 03:48:37,clear sky
17,Qaanaaq,77.48,-69.36,20.59,81,0,5.37,GL,2020-09-07 03:52:01,clear sky
18,Mataura,-46.19,168.86,56.73,54,26,3.38,NZ,2020-09-07 03:52:01,scattered clouds
19,Bethel,41.37,-73.41,66.2,82,1,4.61,US,2020-09-07 03:52:01,clear sky
20,Mount Isa,-20.73,139.5,89.6,17,0,18.34,AU,2020-09-07 03:52:02,clear sky
21,Dikson,73.51,80.55,42.67,77,92,23.15,RU,2020-09-07 03:52:02,overcast clouds
22,Albany,42.6,-73.97,60.01,71,7,3.11,US,2020-09-07 03:51:24,clear sky
23,Yellowknife,62.46,-114.35,44.01,80,40,5.82,CA,2020-09-07 03:52:02,scattered clouds
24,Tura,25.52,90.22,79.2,90,97,5.75,IN,2020-09-07 03:52:03,overcast clouds
25,East London,-33.02,27.91,57.2,93,75,8.05,ZA,2020-09-07 03:52:03,broken clouds
26,Castro,-24.79,-50.01,57.52,85,0,4.09,BR,2020-09-07 03:48:39,clear sky
27,Esperance,-33.87,121.9,60.8,63,75,25.28,AU,2020-09-07 03:52:03,broken clouds
28,Mahebourg,-20.41,57.7,70.0,93,100,5.01,MU,2020-09-07 03:50:09,moderate rain
29,Hithadhoo,-0.6,73.08,81.86,76,100,9.86,MV,2020-09-07 03:52:03,overcast clouds
30,Vaini,-21.2,-175.2,75.2,64,75,12.75,TO,2020-09-07 03:52:04,broken clouds
31,Ulenurme,58.32,26.73,51.01,93,13,6.93,EE,2020-09-07 03:52:04,few clouds
32,Busselton,-33.65,115.33,59.0,69,13,3.0,AU,2020-09-07 03:47:07,light rain
33,Oranjemund,-28.55,16.43,54.77,83,0,6.58,NA,2020-09-07 03:52:04,clear sky
34,Bredasdorp,-34.53,20.04,44.6,93,0,2.24,ZA,2020-09-07 03:52:04,clear sky
35,Kaeo,-35.1,173.78,59.0,3,59,7.0,NZ,2020-09-07 03:52:04,broken clouds
36,Bengkulu,-3.8,102.27,84.87,69,4,10.16,ID,2020-09-07 03:52:05,clear sky
37,Nikolskoye,59.7,30.79,54.0,81,50,2.24,RU,2020-09-07 03:52:05,scattered clouds
38,Ilebo,-4.32,20.58,72.93,88,85,1.3,CD,2020-09-07 03:52:05,overcast clouds
39,Zhengjiatun,43.51,123.51,74.64,68,100,16.17,CN,2020-09-07 03:52:05,light rain
40,Souillac,-20.52,57.52,70.0,93,100,5.01,MU,2020-09-07 03:52:06,moderate rain
41,Havre-Saint-Pierre,50.23,-63.6,41.0,100,1,9.37,CA,2020-09-07 03:51:10,mist
42,Arraial Do Cabo,-22.97,-42.03,71.01,91,0,16.62,BR,2020-09-07 03:52:06,clear sky
43,Airai,-8.93,125.41,74.61,52,47,7.05,TL,2020-09-07 03:50:38,scattered clouds
44,Westport,41.14,-73.36,71.6,78,1,4.7,US,2020-09-07 03:51:57,clear sky
45,Port Elizabeth,-33.92,25.57,57.2,93,75,8.05,ZA,2020-09-07 03:52:07,broken clouds
46,Burhanpur,21.3,76.23,85.1,71,80,2.68,IN,2020-09-07 03:52:07,broken clouds
47,Georgetown,5.41,100.34,87.8,70,20,4.7,MY,2020-09-07 03:52:07,few clouds
48,Daru,-9.08,143.21,80.19,82,83,19.37,PG,2020-09-07 03:52:07,broken clouds
49,Imbituba,-28.24,-48.67,64.4,100,75,2.24,BR,2020-09-07 03:52:08,light rain
50,Agirish,61.92,63.02,52.23,68,67,2.48,RU,2020-09-07 03:52:08,broken clouds
51,Montrose,38.42,-108.27,73.0,20,0,3.0,US,2020-09-07 03:52:08,clear sky
52,Ponta Do Sol,32.67,-17.1,71.6,78,20,8.05,PT,2020-09-07 03:52:08,few clouds
53,San Cristobal,7.77,-72.22,66.2,88,48,2.42,VE,2020-09-07 03:52:08,scattered clouds
54,Aripuana,-9.17,-60.63,74.5,29,88,1.12,BR,2020-09-07 03:47:52,overcast clouds
55,Barrow,71.29,-156.79,37.4,93,75,5.82,US,2020-09-07 03:52:09,fog
56,Deputatskiy,69.3,139.9,42.35,91,100,3.53,RU,2020-09-07 03:52:09,light rain
57,Lebu,-37.62,-73.65,48.16,88,3,7.85,CL,2020-09-07 03:52:09,clear sky
58,Tuktoyaktuk,69.45,-133.04,44.6,70,5,10.29,CA,2020-09-07 03:52:09,clear sky
59,Beringovskiy,63.05,179.32,48.13,79,46,10.09,RU,2020-09-07 03:52:10,scattered clouds
60,Alta Floresta,-9.88,-56.09,74.75,30,6,2.33,BR,2020-09-07 03:52:10,clear sky
61,Provideniya,64.38,-173.3,44.6,65,75,26.84,RU,2020-09-07 03:52:10,broken clouds
62,San Rafael,-34.62,-68.33,47.75,69,93,2.57,AR,2020-09-07 03:51:01,overcast clouds
63,Pozhva,59.09,56.08,53.49,86,40,4.56,RU,2020-09-07 03:52:10,scattered clouds
64,Armidale,-30.52,151.65,63.0,58,0,5.01,AU,2020-09-07 03:52:11,clear sky
65,Port Blair,11.67,92.75,86.0,70,86,4.61,IN,2020-09-07 03:50:35,overcast clouds
66,Saint Anthony,45.02,-93.22,70.0,49,1,17.22,US,2020-09-07 03:52:11,clear sky
67,Hobart,-42.88,147.33,72.0,42,100,16.11,AU,2020-09-07 03:48:01,overcast clouds
68,Luderitz,-26.65,15.16,56.5,74,0,15.82,NA,2020-09-07 03:52:11,clear sky
69,Puerto Ayora,-0.74,-90.35,66.0,96,98,7.0,EC,2020-09-07 03:48:54,overcast clouds
70,Evensk,61.95,159.23,49.82,68,92,9.19,RU,2020-09-07 03:52:11,overcast clouds
71,Kudat,6.88,116.85,86.0,74,40,5.82,MY,2020-09-07 03:52:12,scattered clouds
72,Saint-Philippe,-21.36,55.77,69.8,68,67,8.05,RE,2020-09-07 03:52:12,broken clouds
73,Seydi,39.48,62.91,64.83,26,0,19.57,TM,2020-09-07 03:52:12,clear sky
74,Cabo San Lucas,22.89,-109.91,82.0,84,100,7.27,MX,2020-09-07 03:50:13,overcast clouds
75,Balikpapan,-1.27,116.83,77.0,100,75,4.7,ID,2020-09-07 03:52:13,moderate rain
76,Jamestown,42.1,-79.24,64.99,72,40,9.17,US,2020-09-07 03:48:11,scattered clouds
77,Chuy,-33.7,-53.46,49.06,87,0,7.29,UY,2020-09-07 03:52:13,clear sky
78,Jertih,5.73,102.49,86.0,70,20,4.7,MY,2020-09-07 03:52:13,few clouds
79,Norman Wells,65.28,-126.83,48.2,76,40,4.7,CA,2020-09-07 03:52:14,scattered clouds
80,College,64.86,-147.8,62.6,39,75,9.17,US,2020-09-07 03:52:14,broken clouds
81,Klaksvik,62.23,-6.59,51.8,100,100,9.17,FO,2020-09-07 03:52:14,heavy intensity drizzle
82,Hami,42.8,93.45,87.53,12,94,4.54,CN,2020-09-07 03:52:14,overcast clouds
83,Kruisfontein,-34.0,24.73,49.78,94,0,2.59,ZA,2020-09-07 03:52:15,clear sky
84,Thompson,55.74,-97.86,41.0,60,75,8.05,CA,2020-09-07 03:52:15,broken clouds
85,Fortuna,40.6,-124.16,62.6,77,1,3.15,US,2020-09-07 03:52:15,clear sky
86,Bluff,-46.6,168.33,52.68,76,17,12.44,NZ,2020-09-07 03:52:15,few clouds
87,Butaritari,3.07,172.79,83.32,75,99,14.99,KI,2020-09-07 03:52:16,overcast clouds
88,Neyshabur,36.21,58.8,69.06,23,0,2.55,IR,2020-09-07 03:49:21,clear sky
89,Haldwani,29.22,79.52,84.2,83,0,3.36,IN,2020-09-07 03:52:16,mist
90,Jacareacanga,-6.22,-57.75,77.05,48,100,0.76,BR,2020-09-07 03:52:16,overcast clouds
91,Cardston,49.2,-113.3,51.01,93,90,9.17,CA,2020-09-07 03:48:50,light rain
92,Jumla,29.27,82.18,72.16,48,0,3.91,NP,2020-09-07 03:52:16,clear sky
93,Gombong,-7.61,109.51,83.7,64,90,9.71,ID,2020-09-07 03:52:17,overcast clouds
94,Ilo,-17.64,-71.34,58.01,79,61,7.34,PE,2020-09-07 03:52:17,broken clouds
95,Nanortalik,60.14,-45.24,44.44,94,100,4.59,GL,2020-09-07 03:52:17,overcast clouds
96,Ribeira Grande,38.52,-28.7,69.01,76,48,23.29,PT,2020-09-07 03:52:17,scattered clouds
97,Srandakan,-7.94,110.25,83.93,64,86,13.73,ID,2020-09-07 03:52:17,overcast clouds
98,Srednekolymsk,67.45,153.68,51.55,75,100,5.68,RU,2020-09-07 03:52:18,overcast clouds
99,Kenora,49.82,-94.43,51.8,71,100,24.16,CA,2020-09-07 03:52:18,overcast clouds
100,Chokurdakh,70.63,147.92,53.82,42,2,9.31,RU,2020-09-07 03:49:32,clear sky
101,Port Hedland,-20.32,118.57,93.2,23,0,12.75,AU,2020-09-07 03:52:18,clear sky
102,Mangrol,21.12,70.12,84.81,78,0,10.02,IN,2020-09-07 03:52:18,clear sky
103,Balkanabat,39.51,54.37,80.8,15,0,26.66,TM,2020-09-07 03:52:19,clear sky
104,Miles City,46.41,-105.84,62.6,42,1,17.22,US,2020-09-07 03:52:19,clear sky
105,Saint George,37.1,-113.58,98.6,7,1,6.93,US,2020-09-07 03:52:13,clear sky
106,Cherskiy,68.75,161.3,52.25,47,98,9.15,RU,2020-09-07 03:52:19,overcast clouds
107,Faya,18.39,42.45,66.2,29,0,3.18,SA,2020-09-07 03:52:19,clear sky
108,Tezu,27.92,96.17,75.63,84,100,0.98,IN,2020-09-07 03:52:20,overcast clouds
109,Vyatskiye Polyany,56.23,51.07,54.52,73,0,3.31,RU,2020-09-07 03:52:20,clear sky
110,Tombouctou,20.0,-3.0,92.73,36,56,14.14,ML,2020-09-07 03:52:20,broken clouds
111,Maragogi,-9.01,-35.22,72.48,81,0,7.05,BR,2020-09-07 03:52:20,clear sky
112,Lompoc,34.64,-120.46,73.99,64,1,3.36,US,2020-09-07 03:52:20,clear sky
113,Mandera,3.94,41.87,74.59,60,9,11.21,KE,2020-09-07 03:52:21,clear sky
114,Sawtell,-30.38,153.1,68.0,52,90,5.82,AU,2020-09-07 03:52:21,overcast clouds
115,Rio Grande,-32.03,-52.1,55.0,89,92,10.98,BR,2020-09-07 03:52:21,overcast clouds
116,Sur,22.57,59.53,88.27,50,8,2.3,OM,2020-09-07 03:52:21,clear sky
117,Kharan,28.58,65.42,82.42,15,0,9.46,PK,2020-09-07 03:52:21,clear sky
118,Basar,27.98,94.67,80.6,88,75,5.82,IN,2020-09-07 03:52:22,mist
119,Qasigiannguit,68.82,-51.19,35.6,74,84,9.17,GL,2020-09-07 03:52:22,light intensity shower rain
120,Khor,47.89,134.95,76.57,67,84,2.51,RU,2020-09-07 03:52:22,broken clouds
121,Tiznit,29.58,-9.5,81.28,33,0,1.92,MA,2020-09-07 03:52:22,clear sky
122,Nouadhibou,20.93,-17.03,79.92,70,100,12.41,MR,2020-09-07 03:52:23,overcast clouds
123,Kapaa,22.08,-159.32,82.4,74,40,13.87,US,2020-09-07 03:50:01,scattered clouds
124,Zhangye,38.93,100.45,82.31,21,67,12.68,CN,2020-09-07 03:52:23,broken clouds
125,Gambo,4.65,22.26,67.33,98,97,0.94,CF,2020-09-07 03:52:23,overcast clouds
126,Selikhino,50.37,137.5,71.26,73,100,4.83,RU,2020-09-07 03:52:23,overcast clouds
127,Aviles,43.55,-5.92,59.0,82,40,4.7,ES,2020-09-07 03:52:23,scattered clouds
128,Tasiilaq,65.61,-37.64,35.6,100,81,1.12,GL,2020-09-07 03:49:25,mist
129,Kupang,-10.17,123.58,89.6,52,20,18.34,ID,2020-09-07 03:52:24,few clouds
130,Egvekinot,66.32,-179.17,46.09,55,95,3.24,RU,2020-09-07 03:51:05,overcast clouds
131,Hong Gai,20.96,107.09,82.4,78,40,9.17,VN,2020-09-07 03:52:24,scattered clouds
132,Amapa,1.0,-52.0,71.56,98,13,1.16,BR,2020-09-07 03:52:24,few clouds
133,Itarema,-2.92,-39.92,76.96,85,17,14.25,BR,2020-09-07 03:52:25,few clouds
134,Yershov,51.35,48.28,61.38,40,0,5.77,RU,2020-09-07 03:52:25,clear sky
135,Meulaboh,4.14,96.13,85.78,60,21,2.57,ID,2020-09-07 03:52:25,few clouds
136,Ingham,42.6,-84.38,71.6,64,1,6.93,US,2020-09-07 03:52:25,clear sky
137,Ongandjera,-17.88,15.07,59.85,33,0,5.06,NA,2020-09-07 03:52:25,clear sky
138,Waddan,29.16,16.14,70.65,65,0,8.14,LY,2020-09-07 03:52:26,clear sky
139,Krasnoselkup,65.7,82.47,50.49,70,1,4.36,RU,2020-09-07 03:52:26,clear sky
140,Pacific Grove,36.62,-121.92,84.2,26,1,0.29,US,2020-09-07 03:51:31,clear sky
141,Ishigaki,24.34,124.16,86.0,66,75,4.7,JP,2020-09-07 03:52:26,broken clouds
142,Oktyabrskoye,43.06,44.74,68.0,72,100,11.18,RU,2020-09-07 03:52:26,moderate rain
143,Suluq,31.67,20.25,65.75,77,0,5.17,LY,2020-09-07 03:52:26,clear sky
144,Praia Da Vitoria,38.73,-27.07,68.0,77,75,20.78,PT,2020-09-07 03:52:27,broken clouds
145,Monywa,22.12,95.13,86.94,67,100,9.06,MM,2020-09-07 03:52:27,overcast clouds
146,Eureka,40.8,-124.16,62.01,82,1,3.51,US,2020-09-07 03:52:27,haze
147,Vao,-22.67,167.48,70.7,79,100,20.18,NC,2020-09-07 03:52:28,overcast clouds
148,Priyutnoye,46.1,43.51,64.0,34,100,11.01,RU,2020-09-07 03:52:28,light rain
149,Riyadh,24.69,46.72,82.4,26,0,3.36,SA,2020-09-07 03:50:06,clear sky
150,Carnarvon,-24.87,113.63,66.2,100,90,18.34,AU,2020-09-07 03:52:28,overcast clouds
151,Biak,-0.91,122.88,81.43,77,99,8.9,ID,2020-09-07 03:52:28,overcast clouds
152,Komatipoort,-25.43,31.95,56.88,91,0,1.83,ZA,2020-09-07 03:52:28,clear sky
153,Santiago De Cao,-7.96,-79.24,59.92,90,24,8.19,PE,2020-09-07 03:52:29,few clouds
154,Adrar,20.5,-10.07,89.91,38,30,7.58,MR,2020-09-07 03:52:29,scattered clouds
155,Ancud,-41.87,-73.82,41.0,93,8,5.01,CL,2020-09-07 03:52:29,clear sky
156,Vila Franca Do Campo,37.72,-25.43,66.2,77,20,19.46,PT,2020-09-07 03:52:29,few clouds
157,Majene,-3.54,118.97,84.88,68,66,7.02,ID,2020-09-07 03:52:30,broken clouds
158,Rio Gallegos,-51.62,-69.22,37.4,86,100,2.24,AR,2020-09-07 03:52:16,overcast clouds
159,Roma,43.21,-75.46,60.8,67,20,5.82,US,2020-09-07 03:51:15,few clouds
160,Severo-Kurilsk,50.68,156.12,58.26,85,89,6.69,RU,2020-09-07 03:52:30,overcast clouds
161,Sorland,67.67,12.69,48.2,100,75,2.24,NO,2020-09-07 03:52:30,broken clouds
162,Soyo,-6.13,12.37,72.97,87,74,6.42,AO,2020-09-07 03:52:30,broken clouds
163,Ontario,34.06,-117.65,100.4,18,75,8.05,US,2020-09-07 03:52:31,smoke
164,Port Lincoln,-34.73,135.87,75.88,34,100,27.4,AU,2020-09-07 03:48:55,overcast clouds
165,Grindavik,63.84,-22.43,46.4,100,90,24.16,IS,2020-09-07 03:50:03,overcast clouds
166,Tiksi,71.69,128.87,46.24,78,90,4.74,RU,2020-09-07 03:49:00,overcast clouds
167,Nanzhang,31.78,111.84,90.07,43,0,3.94,CN,2020-09-07 03:52:31,clear sky
168,Qaqortoq,60.72,-46.03,44.6,87,100,3.36,GL,2020-09-07 03:52:31,overcast clouds
169,Chernyshevskiy,63.01,112.47,48.42,85,100,4.47,RU,2020-09-07 03:52:32,overcast clouds
170,Pimentel,-6.84,-79.93,60.3,88,0,9.1,PE,2020-09-07 03:52:32,clear sky
171,Vestmannaeyjar,63.44,-20.27,50.67,83,99,25.84,IS,2020-09-07 03:49:18,overcast clouds
172,Aklavik,68.22,-135.01,50.0,61,20,5.82,CA,2020-09-07 03:52:32,few clouds
173,Kavaratti,10.57,72.64,80.6,88,90,13.87,IN,2020-09-07 03:52:32,haze
174,Muisne,0.6,-80.03,73.44,82,100,8.19,EC,2020-09-07 03:52:33,overcast clouds
175,Padang,-0.95,100.35,85.69,63,3,4.61,ID,2020-09-07 03:52:33,clear sky
176,Chapais,49.78,-74.85,51.8,76,90,10.29,CA,2020-09-07 03:52:33,overcast clouds
177,Kahului,20.89,-156.47,84.2,54,40,19.46,US,2020-09-07 03:50:13,scattered clouds
178,General Roca,-39.03,-67.58,49.35,68,13,10.04,AR,2020-09-07 03:52:34,few clouds
179,Leningradskiy,69.38,178.42,45.36,62,0,11.48,RU,2020-09-07 03:52:34,clear sky
180,Gien,47.69,2.63,48.99,87,0,4.07,FR,2020-09-07 03:52:34,clear sky
181,Bonavista,48.65,-53.11,57.18,76,28,14.85,CA,2020-09-07 03:52:34,scattered clouds
182,Buala,-8.14,159.59,85.06,69,11,6.4,SB,2020-09-07 03:52:34,light rain
183,Kodiak,57.79,-152.41,59.0,87,90,4.7,US,2020-09-07 03:50:15,overcast clouds
184,Freeport,40.66,-73.58,73.0,73,1,6.93,US,2020-09-07 03:47:51,clear sky
185,Bethanien,-26.5,17.16,54.01,62,0,3.13,NA,2020-09-07 03:52:35,clear sky
186,Atambua,-9.11,124.89,86.25,43,48,4.45,ID,2020-09-07 03:52:35,scattered clouds
187,Solnechnyy,50.72,136.63,70.54,70,100,3.91,RU,2020-09-07 03:52:35,overcast clouds
188,Bereda,43.27,-7.54,61.0,1,88,7.74,ES,2020-09-07 03:52:36,overcast clouds
189,Brekstad,63.69,9.67,52.0,93,75,5.82,NO,2020-09-07 03:52:36,broken clouds
190,Saskylakh,71.92,114.08,52.05,55,33,9.78,RU,2020-09-07 03:49:59,scattered clouds
191,Kaitangata,-46.28,169.85,59.0,48,61,7.0,NZ,2020-09-07 03:52:36,broken clouds
192,Arrifes,37.77,-25.7,66.2,77,20,19.46,PT,2020-09-07 03:52:36,few clouds
193,Geraldton,-28.77,114.6,66.2,52,75,11.41,AU,2020-09-07 03:52:36,broken clouds
194,Torbay,47.67,-52.73,57.99,76,75,12.75,CA,2020-09-07 03:49:09,broken clouds
195,Bardiyah,31.76,25.09,73.69,68,0,6.49,LY,2020-09-07 03:52:37,clear sky
196,Cidreira,-30.18,-50.21,57.31,88,100,15.93,BR,2020-09-07 03:52:37,overcast clouds
197,Upernavik,72.79,-56.15,34.32,87,99,8.46,GL,2020-09-07 03:52:37,overcast clouds
198,Avarua,-21.21,-159.78,68.0,82,39,8.05,CK,2020-09-07 03:52:37,light rain
199,Sisimiut,66.94,-53.67,37.96,77,17,6.89,GL,2020-09-07 03:49:59,few clouds
200,Teahupoo,-17.83,-149.27,80.6,69,75,3.36,PF,2020-09-07 03:52:38,broken clouds
201,Dunedin,-45.87,170.5,54.0,58,59,13.0,NZ,2020-09-07 03:50:51,broken clouds
202,San Jose,37.34,-121.89,90.0,21,90,6.93,US,2020-09-07 03:52:16,haze
203,Moba,33.23,105.02,69.28,50,0,4.43,CN,2020-09-07 03:52:38,clear sky
204,Inhambane,-23.86,35.38,67.8,71,89,8.5,MZ,2020-09-07 03:52:38,overcast clouds
205,Hambantota,6.12,81.12,82.4,83,40,10.29,LK,2020-09-07 03:52:39,scattered clouds
206,Male,4.17,73.51,84.2,83,75,12.75,MV,2020-09-07 03:49:59,broken clouds
207,Bogandinskiy,56.89,65.89,44.6,87,1,11.18,RU,2020-09-07 03:52:39,clear sky
208,Kutum,14.2,24.67,70.45,72,88,7.31,SD,2020-09-07 03:52:39,overcast clouds
209,Vallenar,-28.57,-70.76,53.85,59,0,0.34,CL,2020-09-07 03:52:39,clear sky
210,Khandagayty,50.73,92.05,57.06,49,82,5.93,RU,2020-09-07 03:52:40,light rain
211,Bonthe,7.53,-12.51,75.16,90,84,7.27,SL,2020-09-07 03:52:40,light rain
212,Mirandopolis,-21.13,-51.1,72.05,29,1,7.61,BR,2020-09-07 03:52:40,clear sky
213,Mawlaik,23.63,94.42,85.33,82,83,2.28,MM,2020-09-07 03:52:40,broken clouds
214,Shingu,33.73,135.98,80.6,88,75,21.92,JP,2020-09-07 03:52:40,light intensity shower rain
215,Gwadar,25.12,62.33,82.85,77,0,9.13,PK,2020-09-07 03:52:41,clear sky
216,Rivera,-30.91,-55.55,51.04,87,94,10.38,UY,2020-09-07 03:51:56,overcast clouds
217,Kathmandu,27.72,85.32,77.0,78,75,2.24,NP,2020-09-07 03:49:08,broken clouds
218,Gistrup,56.99,9.99,51.01,90,79,1.01,DK,2020-09-07 03:52:41,broken clouds
219,Salym,60.06,71.48,47.1,85,22,5.91,RU,2020-09-07 03:52:41,few clouds
220,Ulaanbaatar,47.91,106.88,60.8,63,20,2.24,MN,2020-09-07 03:52:42,few clouds
221,Baykit,61.67,96.37,58.66,49,64,1.7,RU,2020-09-07 03:52:42,broken clouds
222,Ormara,25.21,64.64,82.92,78,0,18.48,PK,2020-09-07 03:52:42,clear sky
223,Daokou,35.56,114.51,89.47,37,0,5.75,CN,2020-09-07 03:52:42,clear sky
224,Kharitonovo,61.4,47.5,56.89,81,96,7.14,RU,2020-09-07 03:52:43,overcast clouds
225,Bathsheba,13.22,-59.52,82.4,74,40,16.11,BB,2020-09-07 03:52:43,scattered clouds
226,Vaasa,63.1,21.62,51.01,93,96,3.36,FI,2020-09-07 03:52:43,fog
227,Ostersund,63.18,14.64,48.2,87,69,10.29,SE,2020-09-07 03:52:44,broken clouds
228,Vila,42.03,-8.16,55.0,88,35,5.55,PT,2020-09-07 03:48:31,scattered clouds
229,Basudebpur,21.14,86.74,89.56,67,99,10.87,IN,2020-09-07 03:52:44,overcast clouds
230,Ostrovnoy,68.05,39.51,51.62,81,52,16.13,RU,2020-09-07 03:52:44,broken clouds
231,Salinopolis,-0.61,-47.36,79.03,83,0,11.81,BR,2020-09-07 03:52:45,clear sky
232,Cap Malheureux,-19.98,57.61,70.0,93,100,5.01,MU,2020-09-07 03:52:45,moderate rain
233,New Norfolk,-42.78,147.06,72.0,34,100,4.0,AU,2020-09-07 03:52:45,overcast clouds
234,Luanda,-8.84,13.23,71.6,88,75,1.12,AO,2020-09-07 03:48:15,broken clouds
235,Soe,-9.86,124.28,81.0,47,67,12.82,ID,2020-09-07 03:52:46,broken clouds
236,Fereydun Kenar,36.69,52.52,69.8,88,0,6.93,IR,2020-09-07 03:52:46,clear sky
237,Kabalo,-6.05,26.92,72.14,70,82,1.66,CD,2020-09-07 03:52:46,broken clouds
238,Salalah,17.02,54.09,78.8,94,40,6.93,OM,2020-09-07 03:48:43,scattered clouds
239,Gerede,40.8,32.2,51.35,92,0,1.59,TR,2020-09-07 03:52:47,clear sky
240,Hasaki,35.73,140.83,91.99,63,75,17.22,JP,2020-09-07 03:52:47,broken clouds
241,Alexander City,32.94,-85.95,69.01,94,1,4.47,US,2020-09-07 03:52:47,clear sky
242,Phan Thiet,10.93,108.1,89.92,60,86,8.79,VN,2020-09-07 03:52:47,overcast clouds
243,Tautira,-17.73,-149.15,80.6,69,75,3.36,PF,2020-09-07 03:52:48,broken clouds
244,Mizan Teferi,6.98,35.58,60.4,93,29,2.51,ET,2020-09-07 03:52:48,light rain
245,Aksarka,66.56,67.8,48.0,55,100,7.63,RU,2020-09-07 03:52:48,overcast clouds
246,Hay River,60.82,-115.8,44.6,100,75,2.24,CA,2020-09-07 03:52:48,broken clouds
247,San Patricio,19.22,-104.7,79.03,79,94,2.62,MX,2020-09-07 03:52:49,overcast clouds
248,San Ramon,37.78,-121.98,93.0,37,1,3.15,US,2020-09-07 03:52:16,smoke
249,Almaznyy,48.04,40.05,68.0,42,20,11.18,RU,2020-09-07 03:52:49,few clouds
250,Uusikaupunki,60.8,21.41,41.0,100,20,3.36,FI,2020-09-07 03:52:49,few clouds
251,Zwedru,6.07,-8.13,71.1,98,100,3.2,LR,2020-09-07 03:52:49,moderate rain
252,Taldan,53.67,124.8,71.02,52,0,3.09,RU,2020-09-07 03:52:50,clear sky
253,Nome,64.5,-165.41,53.6,54,90,23.04,US,2020-09-07 03:48:26,overcast clouds
254,Grenaa,56.42,10.88,51.8,87,23,9.17,DK,2020-09-07 03:52:50,few clouds
255,Richards Bay,-28.78,32.04,62.56,82,39,9.4,ZA,2020-09-07 03:52:50,scattered clouds
256,Nakusp,50.25,-117.8,63.86,56,79,0.54,CA,2020-09-07 03:52:50,broken clouds
257,Narsaq,60.92,-46.05,44.6,87,98,3.36,GL,2020-09-07 03:52:51,overcast clouds
258,Klyuchi,52.27,79.17,56.14,42,30,13.78,RU,2020-09-07 03:52:51,scattered clouds
259,Iskateley,67.68,53.15,57.34,89,87,9.89,RU,2020-09-07 03:50:43,overcast clouds
260,Faanui,-16.48,-151.75,77.61,79,0,10.04,PF,2020-09-07 03:50:05,light rain
261,Zhanaozen,43.3,52.8,67.75,26,14,24.38,KZ,2020-09-07 03:52:51,few clouds
262,Puerto Baquerizo Moreno,-0.9,-89.6,65.89,89,74,9.46,EC,2020-09-07 03:52:52,broken clouds
263,Aykhal,66.0,111.5,35.6,100,90,6.71,RU,2020-09-07 03:52:52,fog
264,Berbera,10.44,45.01,88.9,49,26,11.77,SO,2020-09-07 03:52:52,scattered clouds
265,Roald,62.58,6.13,53.6,76,98,10.29,NO,2020-09-07 03:52:52,overcast clouds
266,Komsomolskiy,40.43,71.72,68.0,20,0,2.24,UZ,2020-09-07 03:52:53,clear sky
267,Xinzhou,38.41,112.73,80.42,36,0,8.79,CN,2020-09-07 03:52:53,clear sky
268,Abeche,13.83,20.83,74.23,81,28,2.01,TD,2020-09-07 03:52:53,scattered clouds
269,Dingle,11.0,122.67,88.0,68,98,4.83,PH,2020-09-07 03:52:53,overcast clouds
270,Sibut,5.72,19.07,68.2,96,100,1.32,CF,2020-09-07 03:52:54,overcast clouds
271,Barcelona,41.39,2.16,69.01,77,75,10.29,ES,2020-09-07 03:49:48,broken clouds
272,Bambous Virieux,-20.34,57.76,70.0,93,100,5.01,MU,2020-09-07 03:52:54,moderate rain
273,Samarai,-10.62,150.67,78.62,86,96,15.01,PG,2020-09-07 03:52:54,overcast clouds
274,Havelock,34.88,-76.9,75.2,64,1,10.29,US,2020-09-07 03:52:54,clear sky
275,Athabasca,54.72,-113.29,44.56,79,93,4.76,CA,2020-09-07 03:52:55,overcast clouds
276,Alofi,-19.06,-169.92,75.2,53,75,16.11,NU,2020-09-07 03:52:55,broken clouds
277,Viedma,-40.81,-63.0,48.45,57,0,10.36,AR,2020-09-07 03:52:55,clear sky
278,Fort Payne,34.44,-85.72,68.0,62,1,3.36,US,2020-09-07 03:52:55,clear sky
279,Mikhaylovka,50.06,43.24,59.0,40,96,5.01,RU,2020-09-07 03:52:56,overcast clouds
280,North Bend,43.41,-124.22,66.0,100,1,13.87,US,2020-09-07 03:52:56,clear sky
281,Xining,36.62,101.77,66.49,41,32,4.27,CN,2020-09-07 03:52:56,scattered clouds
282,Pandan,14.05,124.17,86.65,73,100,3.22,PH,2020-09-07 03:52:56,overcast clouds
283,Talnakh,69.49,88.4,51.8,87,75,4.47,RU,2020-09-07 03:52:57,broken clouds
284,Sibolga,1.74,98.78,87.91,53,76,4.0,ID,2020-09-07 03:50:02,broken clouds
285,Codrington,-38.27,141.97,66.67,64,89,21.18,AU,2020-09-07 03:52:57,overcast clouds
286,Ilulissat,69.22,-51.1,35.6,74,74,9.17,GL,2020-09-07 03:52:57,light intensity shower rain
287,Oktyabrskiy,54.48,53.47,55.51,69,0,3.09,RU,2020-09-07 03:51:09,clear sky
288,Port Hardy,50.7,-127.42,60.8,82,90,9.17,CA,2020-09-07 03:52:58,overcast clouds
289,Nara,34.69,135.8,89.01,74,75,13.87,JP,2020-09-07 03:49:17,broken clouds
290,Thinadhoo,0.53,72.93,82.53,74,96,11.5,MV,2020-09-07 03:52:58,overcast clouds
291,Vila Velha,-20.33,-40.29,75.0,83,0,9.17,BR,2020-09-07 03:52:58,clear sky
292,Coihaique,-45.58,-72.07,35.6,93,20,4.7,CL,2020-09-07 03:50:57,few clouds
293,Buckeye,33.37,-112.58,102.2,16,0,4.7,US,2020-09-07 03:52:58,clear sky
294,Vardo,70.37,31.11,50.0,87,40,11.41,NO,2020-09-07 03:52:59,scattered clouds
295,Cockburn Town,21.46,-71.14,82.8,81,86,15.37,TC,2020-09-07 03:52:59,overcast clouds
296,Obo,5.4,26.49,67.91,98,100,0.29,CF,2020-09-07 03:52:59,moderate rain
297,Bandar,2.05,99.75,89.91,55,55,2.46,ID,2020-09-07 03:53:00,broken clouds
298,Sosnovo-Ozerskoye,52.52,111.54,62.35,66,14,5.55,RU,2020-09-07 03:53:00,light rain
299,Ponta Delgada,37.73,-25.67,66.2,77,20,19.46,PT,2020-09-07 03:51:57,few clouds
300,Grootfontein,-19.57,18.12,54.57,41,0,6.53,NA,2020-09-07 03:53:00,clear sky
301,Saint-Raphael,19.43,-72.2,74.46,93,100,2.8,HT,2020-09-07 03:53:01,overcast clouds
302,Trat,12.5,102.5,86.0,79,20,5.82,TH,2020-09-07 03:53:01,few clouds
303,Lasa,46.62,10.7,55.99,93,40,6.93,IT,2020-09-07 03:53:01,scattered clouds
304,Half Moon Bay,37.46,-122.43,95.0,63,75,6.93,US,2020-09-07 03:53:01,broken clouds
305,Burnie,-41.07,145.92,56.53,68,57,4.72,AU,2020-09-07 03:53:02,broken clouds
306,Basirhat,22.67,88.87,89.6,84,40,9.17,IN,2020-09-07 03:53:02,haze
307,Mariel,22.99,-82.75,77.0,88,20,3.36,CU,2020-09-07 03:53:02,few clouds
308,Bow Island,49.87,-111.37,53.6,93,90,5.82,CA,2020-09-07 03:53:02,light rain
309,Trencin,48.83,18.25,55.0,93,100,7.0,SK,2020-09-07 03:53:03,overcast clouds
310,Antofagasta,-23.65,-70.4,55.4,71,90,3.36,CL,2020-09-07 03:53:03,overcast clouds
311,Terrace,54.52,-128.6,59.0,93,40,1.72,CA,2020-09-07 03:52:55,scattered clouds
312,Bubaque,11.28,-15.83,79.65,82,100,18.43,GW,2020-09-07 03:53:03,light rain
313,Conceicao Do Araguaia,-8.26,-49.26,77.47,30,2,2.59,BR,2020-09-07 03:53:03,clear sky
314,Guerrero Negro,27.98,-114.06,81.41,57,0,7.85,MX,2020-09-07 03:53:04,clear sky
315,Juarez,31.73,-106.48,86.0,25,5,5.82,MX,2020-09-07 03:48:26,clear sky
316,Kanel,15.49,-13.18,78.8,94,75,2.24,SN,2020-09-07 03:53:04,broken clouds
317,Taoudenni,22.68,-3.98,93.31,12,0,18.1,ML,2020-09-07 03:53:04,clear sky
318,Sangar,63.92,127.47,55.15,61,24,8.23,RU,2020-09-07 03:53:04,few clouds
319,Tarabuco,-19.17,-64.92,47.79,91,100,5.08,BO,2020-09-07 03:53:05,overcast clouds
320,Liliani,32.21,72.95,89.31,53,0,5.26,PK,2020-09-07 03:53:05,clear sky
321,Olinda,-8.01,-34.86,77.0,69,40,9.17,BR,2020-09-07 03:48:34,scattered clouds
322,Fairbanks,64.84,-147.72,62.6,33,1,6.93,US,2020-09-07 03:48:55,clear sky
323,Orje,59.48,11.66,41.0,93,0,3.83,NO,2020-09-07 03:53:05,clear sky
324,Xingyi,24.19,102.82,66.76,81,100,2.55,CN,2020-09-07 03:53:06,overcast clouds
325,Reyes,-14.32,-67.38,79.79,62,100,3.4,BO,2020-09-07 03:53:06,overcast clouds
326,Carutapera,-1.2,-46.02,76.62,83,0,6.29,BR,2020-09-07 03:53:06,clear sky
327,Mocuba,-16.84,36.99,62.55,94,0,3.47,MZ,2020-09-07 03:53:07,clear sky
328,Peleduy,59.63,112.74,56.88,81,100,4.47,RU,2020-09-07 03:53:07,overcast clouds
329,Gizo,-8.1,156.84,85.41,67,9,3.96,SB,2020-09-07 03:53:07,light rain
330,Gbarnga,7.0,-9.47,70.27,98,98,1.68,LR,2020-09-07 03:53:07,light rain
331,Wajir,1.75,40.06,77.0,57,80,6.93,KE,2020-09-07 03:53:07,broken clouds
332,Tsimlyansk,47.65,42.1,66.42,42,99,11.14,RU,2020-09-07 03:53:08,overcast clouds
333,Victoria,22.29,114.16,86.0,74,67,8.01,HK,2020-09-07 03:53:05,broken clouds
334,Moorpark,34.29,-118.88,90.0,36,2,1.95,US,2020-09-07 03:53:08,clear sky
335,Udachnyy,66.42,112.4,35.6,100,90,6.71,RU,2020-09-07 03:53:08,fog
336,Rincon,32.3,-81.24,78.8,74,40,6.93,US,2020-09-07 03:53:08,scattered clouds
337,Alice Springs,-23.7,133.88,89.6,10,0,8.05,AU,2020-09-07 03:51:52,clear sky
338,Assiniboia,49.63,-105.98,55.13,41,100,9.17,CA,2020-09-07 03:53:09,overcast clouds
339,Sijunjung,-0.69,100.95,89.28,50,18,2.55,ID,2020-09-07 03:53:09,few clouds
340,Slyudyanka,51.66,103.71,64.96,51,1,4.76,RU,2020-09-07 03:53:09,clear sky
341,Yining,29.04,114.56,91.67,42,0,0.63,CN,2020-09-07 03:53:09,clear sky
342,Kibala,9.11,18.35,73.4,88,40,3.6,TD,2020-09-07 03:53:10,thunderstorm with light rain
343,Pisco,-13.7,-76.22,60.8,82,94,3.36,PE,2020-09-07 03:49:14,overcast clouds
344,Abalak,58.13,68.59,48.79,82,98,9.75,RU,2020-09-07 03:53:10,overcast clouds
345,Mao,39.89,4.27,73.4,53,20,21.92,ES,2020-09-07 03:53:10,few clouds
346,Luba,3.46,8.55,77.0,94,20,5.82,GQ,2020-09-07 03:53:11,thunderstorm
347,Ayr,55.46,-4.63,55.4,87,75,6.93,GB,2020-09-07 03:53:11,broken clouds
348,Ninomiya,35.3,139.25,84.99,88,75,9.17,JP,2020-09-07 03:53:11,broken clouds
349,Kununurra,-15.77,128.73,95.0,16,62,12.75,AU,2020-09-07 03:53:11,broken clouds
350,Oskemen,49.96,82.61,50.0,76,75,2.24,KZ,2020-09-07 03:53:11,broken clouds
351,Cayenne,4.93,-52.33,77.0,100,54,3.36,GF,2020-09-07 03:49:34,broken clouds
352,Shimanovsk,52.0,127.7,61.86,84,98,6.58,RU,2020-09-07 03:53:12,overcast clouds
353,Mackay,-21.15,149.2,79.0,61,0,20.8,AU,2020-09-07 03:51:03,clear sky
354,Lamu,-2.27,40.9,75.83,79,8,11.12,KE,2020-09-07 03:53:12,clear sky
355,Mwinilunga,-11.74,24.43,52.41,47,0,5.77,ZM,2020-09-07 03:53:12,clear sky
356,Sikonge,-5.63,32.77,66.2,68,20,11.41,TZ,2020-09-07 03:53:12,few clouds
357,Matara,5.95,80.54,82.26,76,83,11.79,LK,2020-09-07 03:53:13,broken clouds
358,Sambava,-14.27,50.17,68.41,76,0,8.37,MG,2020-09-07 03:52:07,clear sky
359,Dubti,11.74,41.09,88.75,52,20,3.53,ET,2020-09-07 03:53:13,few clouds
360,Husavik,66.04,-17.34,57.2,54,90,9.17,IS,2020-09-07 03:53:14,light rain
361,Henties Bay,-22.12,14.28,54.0,94,0,5.99,NA,2020-09-07 03:53:14,clear sky
362,Usinsk,65.99,57.53,55.58,86,100,12.55,RU,2020-09-07 03:53:14,overcast clouds
363,Ambon,-3.7,128.18,80.01,94,40,4.7,ID,2020-09-07 03:53:14,light rain
364,Katsuura,35.13,140.3,91.99,66,75,20.8,JP,2020-09-07 03:53:14,broken clouds
365,Vibo Valentia,38.7,16.13,66.2,72,48,4.7,IT,2020-09-07 03:53:15,scattered clouds
366,Orlik,52.52,99.83,61.84,49,25,5.01,RU,2020-09-07 03:53:15,scattered clouds
367,Petushki,55.93,39.46,58.3,73,100,4.5,RU,2020-09-07 03:53:15,overcast clouds
368,Longyearbyen,78.22,15.64,39.2,86,75,8.05,SJ,2020-09-07 03:53:15,broken clouds
369,Rocha,-34.48,-54.33,43.14,91,0,2.86,UY,2020-09-07 03:53:15,clear sky
370,Melfi,41.0,15.65,63.72,45,0,4.92,IT,2020-09-07 03:53:16,clear sky
371,Aragats,40.49,44.35,69.8,37,0,5.82,AM,2020-09-07 03:53:16,clear sky
372,Dhoraji,21.73,70.45,84.49,74,31,5.55,IN,2020-09-07 03:53:16,scattered clouds
373,Tizimin,21.15,-88.15,74.86,95,73,3.98,MX,2020-09-07 03:53:16,broken clouds
374,Poso,-1.4,120.75,87.71,60,25,3.98,ID,2020-09-07 03:53:17,moderate rain
375,Sal Rei,16.18,-22.92,78.8,88,75,17.22,CV,2020-09-07 03:53:17,broken clouds
376,Toora-Khem,52.47,96.11,61.34,45,100,2.28,RU,2020-09-07 03:53:17,overcast clouds
377,Sao Joao Da Barra,-21.64,-41.05,71.74,90,0,13.53,BR,2020-09-07 03:53:17,clear sky
378,Los Llanos De Aridane,28.66,-17.92,71.6,78,0,6.93,ES,2020-09-07 03:53:17,clear sky
379,Manzanillo,20.34,-77.12,78.37,84,90,4.43,CU,2020-09-07 03:53:18,overcast clouds
380,Mopipi,-21.18,24.88,53.73,72,0,13.38,BW,2020-09-07 03:53:18,clear sky
381,Punta Alta,-38.88,-62.07,47.19,61,0,8.95,AR,2020-09-07 03:53:18,clear sky
382,Hohhot,40.81,111.65,75.2,47,20,4.47,CN,2020-09-07 03:53:18,few clouds
383,Urumqi,43.8,87.6,59.0,77,75,15.66,CN,2020-09-07 03:53:19,light rain
384,Limon,10.0,-83.03,80.42,78,99,3.0,CR,2020-09-07 03:53:19,overcast clouds
385,Laguna,38.42,-121.42,96.01,31,1,3.36,US,2020-09-07 03:53:19,haze
386,Naze,28.37,129.48,84.2,74,75,10.29,JP,2020-09-07 03:53:16,broken clouds
387,Zyryanka,65.75,150.85,46.35,92,100,13.09,RU,2020-09-07 03:53:19,moderate rain
388,Grand Gaube,-20.01,57.66,70.0,93,100,5.01,MU,2020-09-07 03:53:20,moderate rain
389,Surgut,61.25,73.42,46.4,100,75,6.71,RU,2020-09-07 03:53:20,broken clouds
390,Brookhaven,31.58,-90.44,72.0,86,0,2.28,US,2020-09-07 03:53:20,clear sky
391,Outlook,51.5,-107.05,50.0,61,98,7.0,CA,2020-09-07 03:53:21,light rain
392,Vysokogornyy,50.12,139.15,70.68,57,100,5.93,RU,2020-09-07 03:53:21,overcast clouds
393,Merced,37.17,-120.75,93.2,36,1,3.36,US,2020-09-07 03:53:21,clear sky
394,Kiama,-34.68,150.87,73.0,64,0,11.99,AU,2020-09-07 03:53:21,clear sky
395,Millington,35.34,-89.9,73.0,94,29,6.11,US,2020-09-07 03:53:21,scattered clouds
396,Traverse City,44.76,-85.62,71.6,73,90,8.05,US,2020-09-07 03:49:11,overcast clouds
397,Progreso,21.28,-89.67,82.4,83,40,8.05,MX,2020-09-07 03:53:22,scattered clouds
398,Katima Mulilo,-17.5,24.27,50.0,61,0,6.04,NA,2020-09-07 03:53:22,clear sky
399,Mandali,33.75,45.55,94.1,11,0,2.44,IQ,2020-09-07 03:53:22,clear sky
400,Kachug,53.96,105.88,63.12,61,83,3.69,RU,2020-09-07 03:53:23,broken clouds
401,Rawson,-43.3,-65.1,51.19,49,0,8.39,AR,2020-09-07 03:53:23,clear sky
402,Invermere,50.52,-116.04,61.16,51,62,1.34,CA,2020-09-07 03:53:23,broken clouds
403,Kumluca,36.37,30.29,80.35,54,0,1.9,TR,2020-09-07 03:52:31,clear sky
404,Randolph,35.7,-79.82,66.2,68,1,2.84,US,2020-09-07 03:53:24,clear sky
405,Mutare,-18.97,32.67,51.26,93,40,3.2,ZW,2020-09-07 03:53:24,scattered clouds
406,East Wenatchee Bench,47.43,-120.28,84.2,25,1,13.87,US,2020-09-07 03:53:24,clear sky
407,Hervey Bay,-25.3,152.85,69.01,83,40,5.01,AU,2020-09-07 03:53:25,moderate rain
408,Lorengau,-2.02,147.27,83.86,80,36,12.03,PG,2020-09-07 03:53:25,scattered clouds
409,Namibe,-15.2,12.15,67.62,88,72,0.96,AO,2020-09-07 03:53:25,broken clouds
410,Tocopilla,-22.09,-70.2,59.81,61,20,4.18,CL,2020-09-07 03:53:25,few clouds
411,Jimma,7.67,36.83,59.04,89,57,1.01,ET,2020-09-07 03:53:25,broken clouds
412,Iqaluit,63.75,-68.51,39.2,80,40,6.93,CA,2020-09-07 03:53:26,scattered clouds
413,Puerto Escondido,15.85,-97.07,80.4,81,92,5.46,MX,2020-09-07 03:52:26,overcast clouds
414,Skibbereen,51.55,-9.27,55.4,93,75,8.05,IE,2020-09-07 03:53:26,broken clouds
415,Mayskiy,47.69,40.1,68.0,42,20,11.18,RU,2020-09-07 03:53:26,few clouds
416,Havoysund,71.0,24.66,50.0,87,75,12.75,NO,2020-09-07 03:53:26,light rain
417,Price,39.6,-110.81,80.6,12,90,8.05,US,2020-09-07 03:53:12,overcast clouds
418,Sola,-13.88,167.55,79.43,83,68,22.7,VU,2020-09-07 03:53:27,broken clouds
419,Neiafu,-18.65,-173.98,77.0,53,20,14.99,TO,2020-09-07 03:53:27,few clouds
420,San Andres,12.58,-81.7,84.2,83,20,4.7,CO,2020-09-07 03:53:27,few clouds
421,Sivas,39.79,37.0,50.0,87,0,2.24,TR,2020-09-07 03:52:36,clear sky
422,Petropavlovsk-Kamchatskiy,53.05,158.65,64.4,72,20,11.18,RU,2020-09-07 03:53:28,few clouds
423,Vostok,46.49,135.88,73.72,52,97,3.04,RU,2020-09-07 03:51:16,overcast clouds
424,Tarragona,41.13,1.25,68.0,49,49,10.29,ES,2020-09-07 03:51:49,scattered clouds
425,Touros,-5.2,-35.46,71.6,83,54,4.7,BR,2020-09-07 03:53:28,broken clouds
426,San Pedro,14.35,121.02,91.99,70,40,3.36,PH,2020-09-07 03:53:28,scattered clouds
427,Grand Baie,-20.02,57.58,70.0,93,100,5.01,MU,2020-09-07 03:53:29,moderate rain
428,Launceston,-41.45,147.17,64.0,48,25,26.4,AU,2020-09-07 03:50:10,scattered clouds
429,Xinmin,41.99,122.83,73.4,73,100,11.18,CN,2020-09-07 03:53:29,overcast clouds
430,Cangzhou,38.32,116.87,85.87,43,0,6.38,CN,2020-09-07 03:53:29,light rain
431,Lazaro Cardenas,17.96,-102.2,79.77,79,100,3.49,MX,2020-09-07 03:53:29,overcast clouds
432,Hazorasp,41.32,61.07,55.4,43,0,11.41,UZ,2020-09-07 03:53:30,clear sky
433,Kloulklubed,7.04,134.26,89.6,66,75,8.05,PW,2020-09-07 03:53:30,broken clouds
434,Annino,59.77,30.06,54.0,81,76,2.24,RU,2020-09-07 03:53:30,broken clouds
435,Tessalit,20.2,1.01,85.69,40,5,7.02,ML,2020-09-07 03:53:30,clear sky
436,Sargatskoye,55.61,73.5,45.79,92,100,10.67,RU,2020-09-07 03:53:30,light rain
437,Porirua,-41.13,174.85,55.99,60,20,4.0,NZ,2020-09-07 03:53:31,few clouds
438,Uhlove,44.82,33.6,68.54,86,0,8.95,UA,2020-09-07 03:53:31,clear sky
439,Bakel,14.9,-12.46,75.58,91,96,9.17,SN,2020-09-07 03:53:31,overcast clouds
440,Northam,51.03,-4.22,52.0,97,98,3.0,GB,2020-09-07 03:53:31,overcast clouds
441,Pljevlja,43.33,19.33,57.2,76,0,3.36,ME,2020-09-07 03:53:32,clear sky
442,Grand-Lahou,5.14,-5.02,75.29,90,100,8.23,CI,2020-09-07 03:53:32,light rain
443,Goksun,38.02,36.5,71.6,68,0,5.82,TR,2020-09-07 03:53:32,clear sky
444,Marquette,46.53,-87.63,66.99,88,90,6.93,US,2020-09-07 03:51:07,overcast clouds
445,Saldanha,-33.01,17.94,50.0,81,0,2.24,ZA,2020-09-07 03:49:07,clear sky
446,Galeana,24.83,-100.07,61.48,92,100,2.77,MX,2020-09-07 03:53:33,overcast clouds
447,Umm Lajj,25.02,37.27,92.61,31,0,10.31,SA,2020-09-07 03:53:33,clear sky
448,Kolaras,25.23,77.6,83.43,77,1,6.55,IN,2020-09-07 03:53:33,clear sky
449,Huilong,31.81,121.66,89.01,51,0,5.01,CN,2020-09-07 03:53:34,clear sky
450,Aviemore,57.2,-3.83,54.0,93,100,25.28,GB,2020-09-07 03:53:34,moderate rain
451,Kholtoson,50.3,103.31,66.09,47,3,1.9,RU,2020-09-07 03:53:34,clear sky
452,Ndjole,-0.18,10.76,72.34,86,90,2.28,GA,2020-09-07 03:53:34,overcast clouds
453,Sinnamary,5.38,-52.95,78.39,86,65,9.73,GF,2020-09-07 03:53:34,heavy intensity rain
454,Angoram,-4.06,144.07,92.48,50,3,6.44,PG,2020-09-07 03:53:35,clear sky
455,Hualmay,-11.1,-77.61,59.83,84,100,8.77,PE,2020-09-07 03:53:35,overcast clouds
456,Nyimba,-14.56,30.81,55.18,84,0,2.48,ZM,2020-09-07 03:53:35,clear sky
457,Lynn Haven,30.25,-85.65,82.0,83,1,3.36,US,2020-09-07 03:53:35,clear sky
458,Kirakira,-10.45,161.92,79.81,83,99,9.82,SB,2020-09-07 03:53:35,overcast clouds
459,Hovd,48.01,91.64,66.69,33,100,2.95,MN,2020-09-07 03:53:36,overcast clouds
460,Labuhan,-6.88,112.21,88.48,53,71,5.84,ID,2020-09-07 03:53:36,broken clouds
461,Pangnirtung,66.15,-65.71,37.06,80,72,0.74,CA,2020-09-07 03:53:36,broken clouds
462,Damietta,31.42,31.81,77.0,88,20,6.93,EG,2020-09-07 03:53:36,few clouds
463,Arvin,35.21,-118.83,93.0,41,0,3.0,US,2020-09-07 03:53:36,clear sky
464,Sao Filipe,14.9,-24.5,77.88,82,78,11.18,CV,2020-09-07 03:53:37,broken clouds
465,Sitka,57.05,-135.33,57.2,82,90,4.7,US,2020-09-07 03:53:37,overcast clouds
466,Orange,33.7,-117.77,87.8,43,75,12.75,US,2020-09-07 03:53:37,smoke
467,Broome,42.25,-75.83,62.6,77,75,6.93,US,2020-09-07 03:53:37,broken clouds
468,Concarneau,47.88,-3.92,51.8,100,31,3.36,FR,2020-09-07 03:53:37,scattered clouds
469,Lavrentiya,65.58,-171.0,43.38,70,99,28.12,RU,2020-09-07 03:53:38,overcast clouds
470,Ranong,9.97,98.63,89.6,70,40,4.7,TH,2020-09-07 03:53:38,scattered clouds
471,Auki,-8.77,160.7,84.0,73,24,4.0,SB,2020-09-07 03:49:26,few clouds
472,Necochea,-38.55,-58.74,35.01,96,0,4.0,AR,2020-09-07 03:53:38,clear sky
473,Broken Hill,-31.95,141.43,77.0,19,0,14.99,AU,2020-09-07 03:53:39,clear sky
474,Svetlaya,46.54,138.33,72.28,66,86,4.43,RU,2020-09-07 03:49:41,overcast clouds
475,Avera,33.19,-82.53,69.8,60,1,4.7,US,2020-09-07 03:50:01,clear sky
476,Oxapampa,-10.58,-75.4,59.9,88,100,1.77,PE,2020-09-07 03:50:24,overcast clouds
477,Del Rio,29.36,-100.9,82.4,69,1,9.17,US,2020-09-07 03:53:39,clear sky
478,Posevnaya,54.3,83.33,49.87,67,57,7.92,RU,2020-09-07 03:53:39,broken clouds
479,Alcains,39.92,-7.46,73.0,50,0,1.99,PT,2020-09-07 03:53:40,clear sky
480,Honningsvag,70.98,25.97,50.0,87,75,12.75,NO,2020-09-07 03:53:40,light rain
481,Isangel,-19.55,169.27,75.24,75,100,15.57,VU,2020-09-07 03:53:40,overcast clouds
482,Carauari,-4.88,-66.9,77.5,71,30,1.99,BR,2020-09-07 03:53:40,scattered clouds
483,Aguachica,8.31,-73.62,75.69,86,99,5.7,CO,2020-09-07 03:53:41,overcast clouds
484,Jalu,29.03,21.55,69.96,68,0,7.74,LY,2020-09-07 03:53:41,clear sky
485,Baoding,38.85,115.49,89.11,41,0,1.52,CN,2020-09-07 03:53:41,clear sky
486,Xam Nua,20.42,104.04,71.2,93,100,0.29,LA,2020-09-07 03:53:41,heavy intensity rain
487,Tokur,53.13,132.9,62.29,82,79,2.51,RU,2020-09-07 03:53:42,light rain
488,Nemuro,43.32,145.57,78.8,83,75,9.17,JP,2020-09-07 03:53:42,broken clouds
489,Benghazi,32.12,20.07,74.91,68,0,8.72,LY,2020-09-07 03:53:42,clear sky
490,Ixtapa,20.7,-105.2,79.0,100,90,3.36,MX,2020-09-07 03:53:42,light rain
491,Macomer,40.26,8.77,64.4,100,0,2.24,IT,2020-09-07 03:53:42,clear sky
492,Marilandia,-19.41,-40.54,68.22,94,17,1.1,BR,2020-09-07 03:53:43,few clouds
493,Sungaipenuh,-2.08,101.38,80.85,54,26,2.39,ID,2020-09-07 03:53:43,scattered clouds
494,Jawhar,2.78,45.5,75.04,75,18,13.4,SO,2020-09-07 03:53:43,few clouds
495,Olga,43.74,135.29,70.92,70,100,7.38,RU,2020-09-07 03:53:43,overcast clouds
496,Whitefish,48.41,-114.34,75.2,25,1,3.36,US,2020-09-07 03:53:44,clear sky
497,Boyuibe,-20.42,-63.28,57.81,74,100,11.81,BO,2020-09-07 03:53:44,overcast clouds
498,Lamar,33.67,-95.58,77.0,83,1,5.82,US,2020-09-07 03:53:44,clear sky
499,Mahajanga,-15.72,46.32,68.0,68,20,6.93,MG,2020-09-07 03:53:45,few clouds
500,Viseu,40.66,-7.91,70.0,49,0,7.0,PT,2020-09-07 03:53:45,clear sky
501,Miramar,25.99,-80.23,75.2,100,1,4.7,US,2020-09-07 03:53:45,clear sky
502,Axim,4.87,-2.24,75.27,87,95,9.95,GH,2020-09-07 03:53:45,overcast clouds
503,Kamaishi,39.27,141.88,89.6,62,75,14.99,JP,2020-09-07 03:53:46,broken clouds
504,Saint-Francois,46.42,3.91,46.0,100,15,2.24,FR,2020-09-07 03:50:52,few clouds
505,Djenne,13.91,-4.55,75.72,83,100,2.77,ML,2020-09-07 03:53:46,overcast clouds
506,Batemans Bay,-35.72,150.18,69.01,58,0,5.99,AU,2020-09-07 03:52:20,clear sky
507,Poum,-20.23,164.02,73.45,77,100,11.48,NC,2020-09-07 03:53:47,overcast clouds
508,Kavieng,-2.57,150.8,85.41,70,2,12.12,PG,2020-09-07 03:53:47,clear sky
509,Kamloops,50.67,-120.32,77.0,33,75,11.41,CA,2020-09-07 03:53:47,broken clouds
510,Harper,4.38,-7.72,76.08,87,91,8.23,LR,2020-09-07 03:50:58,light rain
511,Poya,-21.35,165.15,74.23,66,100,9.53,NC,2020-09-07 03:53:47,overcast clouds
512,Villazon,-22.09,-65.59,38.32,93,25,3.89,BO,2020-09-07 03:53:48,scattered clouds
513,Korcula,42.96,17.14,59.0,77,0,3.36,HR,2020-09-07 03:53:48,clear sky
514,Dehui,44.53,125.7,71.6,68,20,8.95,CN,2020-09-07 03:53:48,few clouds
515,Tamworth,52.63,-1.7,53.6,87,91,4.7,GB,2020-09-07 03:53:49,overcast clouds
516,Muros,42.78,-9.06,60.01,76,61,8.05,ES,2020-09-07 03:53:49,broken clouds
517,Vagur,61.47,-6.81,53.74,96,100,29.95,FO,2020-09-07 03:53:49,light rain
518,Mubi,10.27,13.26,71.24,88,100,4.76,NG,2020-09-07 03:53:49,moderate rain
519,Hebi,35.9,114.19,89.38,35,0,3.09,CN,2020-09-07 03:53:50,clear sky
520,Kimbe,-5.55,150.14,88.45,61,26,3.13,PG,2020-09-07 03:53:50,light rain
521,Awjilah,29.11,21.29,69.78,67,0,8.39,LY,2020-09-07 03:53:50,clear sky
522,Domoni,-12.26,44.53,74.01,75,36,10.58,KM,2020-09-07 03:53:50,light rain
523,Seoul,37.57,126.98,66.2,93,90,5.82,KR,2020-09-07 03:49:32,light rain
524,Mbarara,-0.61,30.65,63.64,89,100,4.12,UG,2020-09-07 03:53:51,overcast clouds
525,Abingdon,51.67,-1.28,51.01,93,91,3.36,GB,2020-09-07 03:48:56,overcast clouds
526,Cristalina,-16.77,-47.61,61.93,46,0,4.47,BR,2020-09-07 03:53:51,clear sky
527,Kudahuvadhoo,2.67,72.89,82.85,74,100,9.71,MV,2020-09-07 03:53:51,light rain
528,Lucapa,-8.42,20.74,65.61,37,14,3.31,AO,2020-09-07 03:53:51,few clouds
529,Yavas,54.42,42.85,57.16,49,17,5.68,RU,2020-09-07 03:53:52,few clouds
530,Vredendal,-31.67,18.5,55.65,66,0,6.11,ZA,2020-09-07 03:53:52,clear sky
531,Beibei,29.83,106.43,87.01,78,9,4.47,CN,2020-09-07 03:53:52,clear sky
532,Yerbogachen,61.28,108.01,57.63,70,76,6.89,RU,2020-09-07 03:53:52,broken clouds
533,Diphu,25.83,93.43,79.29,92,100,0.92,IN,2020-09-07 03:49:11,overcast clouds
534,Yulara,-25.24,130.99,95.0,8,0,18.34,AU,2020-09-07 03:53:52,clear sky
535,Merauke,-8.47,140.33,83.41,70,62,21.77,ID,2020-09-07 03:53:53,broken clouds
536,Korla,41.76,86.15,81.77,24,90,3.36,CN,2020-09-07 03:53:53,overcast clouds
537,Pundaguitan,6.37,126.17,85.39,63,53,5.03,PH,2020-09-07 03:53:53,heavy intensity rain
538,Lagoa,39.05,-27.98,68.05,77,97,22.73,PT,2020-09-07 03:53:53,overcast clouds
539,Adwa,14.16,38.9,63.37,71,6,1.79,ET,2020-09-07 03:53:54,clear sky
540,Marawi,8.0,124.29,84.99,74,25,5.01,PH,2020-09-07 03:53:54,scattered clouds
541,Serenje,-13.23,30.24,48.85,85,11,8.41,ZM,2020-09-07 03:53:54,few clouds
542,Champerico,14.3,-91.92,66.99,96,100,9.64,GT,2020-09-07 03:53:54,overcast clouds
543,Ekhabi,53.51,142.97,63.09,75,76,11.81,RU,2020-09-07 03:53:55,broken clouds
544,Bud,39.45,-86.18,71.01,78,8,13.58,US,2020-09-07 03:53:55,clear sky
545,Nago,26.59,127.98,86.0,79,1,8.05,JP,2020-09-07 03:53:55,clear sky
546,Darhan,49.49,105.92,61.2,63,0,4.81,MN,2020-09-07 03:53:55,clear sky
547,Arcata,40.87,-124.08,62.01,82,1,2.37,US,2020-09-07 03:53:56,haze
548,Verkhoyansk,67.54,133.38,48.85,70,99,9.24,RU,2020-09-07 03:53:56,overcast clouds
549,Livramento,-3.03,-60.18,84.2,83,35,2.24,BR,2020-09-07 03:53:56,scattered clouds
550,Great Bend,38.36,-98.76,77.0,57,1,9.17,US,2020-09-07 03:53:56,clear sky
551,Ola,59.58,151.28,51.93,73,71,5.59,RU,2020-09-07 03:53:56,broken clouds
552,Pitogo,13.78,122.09,89.11,61,98,5.17,PH,2020-09-07 03:53:57,overcast clouds
553,Matamoros,25.53,-103.25,80.6,54,75,5.7,MX,2020-09-07 03:53:57,broken clouds
554,Boralday,43.36,76.86,64.4,25,75,11.18,KZ,2020-09-07 03:53:57,broken clouds
555,Bor,56.36,44.07,61.0,93,20,5.95,RU,2020-09-07 03:53:57,few clouds
556,Luena,-11.78,19.92,56.5,37,2,4.9,AO,2020-09-07 03:53:57,clear sky
557,San Vicente,-26.62,-54.13,61.18,97,51,5.32,AR,2020-09-07 03:53:58,light rain
558,Bronnoysund,65.46,12.2,50.0,100,75,4.7,NO,2020-09-07 03:53:58,broken clouds
559,Norilsk,69.35,88.2,51.8,87,75,4.47,RU,2020-09-07 03:53:58,broken clouds
560,Mae Chan,20.15,99.85,86.0,74,20,8.05,TH,2020-09-07 03:53:24,few clouds
561,Lumberton,34.62,-79.01,68.0,77,1,3.36,US,2020-09-07 03:53:58,clear sky
562,Pinerolo,44.88,7.35,66.0,83,91,2.51,IT,2020-09-07 03:53:59,moderate rain
563,Swan Hill,-35.34,143.55,73.35,40,0,15.32,AU,2020-09-07 03:53:40,clear sky
564,Calvinia,-31.47,19.78,49.15,71,0,7.9,ZA,2020-09-07 03:53:59,clear sky
565,Mana,5.66,-53.78,77.68,87,90,7.61,GF,2020-09-07 03:53:59,light rain
566,Nalchiti,22.63,90.28,89.24,62,100,8.05,BD,2020-09-07 03:53:59,overcast clouds
567,Taitung,22.76,121.14,86.0,51,75,5.82,TW,2020-09-07 03:54:00,broken clouds
568,Nsanje,-16.92,35.26,61.3,92,0,3.0,MW,2020-09-07 03:54:00,clear sky
569,Malia,35.28,25.47,75.99,69,0,12.75,GR,2020-09-07 03:54:00,clear sky
570,Guanica,17.97,-66.91,75.99,92,31,4.12,PR,2020-09-07 03:54:00,scattered clouds
571,Paamiut,61.99,-49.67,41.49,90,51,19.86,GL,2020-09-07 03:54:01,broken clouds
572,Tamiahua,21.27,-97.45,77.0,89,90,7.52,MX,2020-09-07 03:54:01,overcast clouds
573,Tevaitoa,-16.78,-151.5,77.86,77,11,13.13,PF,2020-09-07 03:54:01,light rain
574,Segou,13.43,-6.22,73.13,90,100,8.63,ML,2020-09-07 03:54:01,overcast clouds
575,Strezhevoy,60.73,77.59,44.6,93,90,8.95,RU,2020-09-07 03:54:01,overcast clouds
576,Ahipara,-35.17,173.17,59.05,77,23,14.72,NZ,2020-09-07 03:54:02,few clouds
577,Coquimbo,-29.95,-71.34,53.6,81,6,5.82,CL,2020-09-07 03:54:02,clear sky
578,Semey,50.41,80.23,51.8,66,58,6.71,KZ,2020-09-07 03:54:02,broken clouds
579,Hofn,64.25,-15.21,51.66,82,3,10.16,IS,2020-09-07 03:54:02,clear sky
580,Honiara,-9.43,159.95,89.6,66,40,14.99,SB,2020-09-07 03:50:37,scattered clouds
581,Rosario,-32.95,-60.64,51.8,40,0,11.41,AR,2020-09-07 03:54:03,clear sky
582,Morros,-9.45,-46.3,67.42,34,35,4.38,BR,2020-09-07 03:54:03,scattered clouds
583,Mount Gambier,-37.83,140.77,71.6,33,100,26.4,AU,2020-09-07 03:54:03,overcast clouds
584,Ketchikan,55.34,-131.65,60.8,100,1,11.41,US,2020-09-07 03:54:03,clear sky
585,Puerto El Triunfo,13.28,-88.55,78.8,94,40,2.24,SV,2020-09-07 03:54:04,scattered clouds
586,Iralaya,15.0,-83.23,80.73,84,81,4.88,HN,2020-09-07 03:54:04,broken clouds
587,Cochrane,51.18,-114.47,42.8,93,90,9.17,CA,2020-09-07 03:51:49,light rain
588,Tiruchchendur,8.48,78.12,86.0,66,40,2.24,IN,2020-09-07 03:54:04,scattered clouds
589,Dunda,-8.12,34.25,57.11,68,65,2.53,TZ,2020-09-07 03:54:04,broken clouds
590,Butiama,-1.77,33.97,66.2,93,75,11.41,TZ,2020-09-07 03:54:05,light rain
591,Cotui,19.05,-70.15,80.01,83,75,5.82,DO,2020-09-07 03:54:05,broken clouds
592,Terney,45.05,136.61,71.76,62,100,3.6,RU,2020-09-07 03:54:05,overcast clouds
593,Dharchula,29.85,80.53,76.44,62,4,4.34,IN,2020-09-07 03:54:05,clear sky
594,Ambilobe,-13.2,49.05,70.72,59,33,3.11,MG,2020-09-07 03:54:05,scattered clouds
595,Eyl,7.98,49.82,77.58,70,100,22.57,SO,2020-09-07 03:54:06,overcast clouds
596,Tymovskoye,50.85,142.66,75.04,54,100,5.1,RU,2020-09-07 03:54:06,overcast clouds
597,Horn Lake,34.96,-90.03,73.4,69,20,5.82,US,2020-09-07 03:54:06,few clouds
598,Nuevo Ideal,24.89,-105.07,61.54,87,100,3.24,MX,2020-09-07 03:54:07,overcast clouds
599,Port Shepstone,-30.74,30.45,63.45,82,94,9.42,ZA,2020-09-07 03:54:07,overcast clouds
600,Catalina Foothills,32.3,-110.92,97.0,16,1,5.82,US,2020-09-07 03:54:07,clear sky
601,Moose Factory,51.26,-80.61,51.8,93,90,16.11,CA,2020-09-07 03:54:07,light rain
602,Labytnangi,66.66,66.42,50.61,75,100,6.15,RU,2020-09-07 03:54:08,overcast clouds
603,Yar-Sale,66.83,70.83,49.6,49,5,4.59,RU,2020-09-07 03:54:08,clear sky
604,Itoman,26.12,127.67,86.0,74,40,10.29,JP,2020-09-07 03:54:08,shower rain
605,Beipiao,41.79,120.78,79.09,43,100,17.29,CN,2020-09-07 03:54:08,overcast clouds
606,Ledyard,41.44,-72.01,70.0,88,1,8.05,US,2020-09-07 03:54:08,clear sky
607,Aksu,41.12,80.26,76.73,32,0,2.66,CN,2020-09-07 03:54:09,clear sky
608,Goundam,16.41,-3.67,85.57,57,1,11.59,ML,2020-09-07 03:54:09,clear sky
609,Mogadouro,41.34,-6.71,55.99,68,10,5.01,PT,2020-09-07 03:54:09,clear sky
610,Maniitsoq,65.42,-52.9,40.21,72,0,27.11,GL,2020-09-07 03:54:09,clear sky
611,Aguimes,27.91,-15.45,73.4,83,20,13.87,ES,2020-09-07 03:54:10,few clouds
612,Coahuayana,18.73,-103.68,79.18,79,99,1.86,MX,2020-09-07 03:54:10,overcast clouds
613,Seymchan,62.88,152.43,50.74,80,100,7.09,RU,2020-09-07 03:54:10,light rain
614,Plouzane,48.38,-4.62,53.6,93,90,2.24,FR,2020-09-07 03:54:10,fog
615,Santiago De Cuba,20.02,-75.82,78.8,78,40,4.7,CU,2020-09-07 03:54:10,scattered clouds
616,Dryden,49.78,-92.75,46.4,81,90,12.75,CA,2020-09-07 03:54:11,light rain
617,Skelleftea,64.75,20.95,48.99,94,62,3.44,SE,2020-09-07 03:54:11,broken clouds
618,Mlalo,-4.93,38.93,69.49,87,41,4.9,TZ,2020-09-07 03:54:11,scattered clouds
619,Christchurch,-43.53,172.63,57.2,47,6,2.24,NZ,2020-09-07 03:50:03,clear sky
620,Homer,59.64,-151.55,55.4,66,90,13.87,US,2020-09-07 03:51:44,overcast clouds
621,Waseca,44.08,-93.51,66.99,68,1,10.29,US,2020-09-07 03:54:11,clear sky
622,Teguise,29.06,-13.56,73.4,83,0,16.11,ES,2020-09-07 03:54:12,clear sky
623,Khandyga,62.67,135.6,58.19,75,84,3.67,RU,2020-09-07 03:54:12,light rain
624,Kayalpattinam,8.57,78.12,86.0,66,40,2.24,IN,2020-09-07 03:54:12,scattered clouds
625,Noyabrsk,63.2,75.45,47.7,79,2,9.64,RU,2020-09-07 03:54:12,clear sky
626,Raton,36.9,-104.44,71.01,14,1,3.36,US,2020-09-07 03:54:13,clear sky
627,Yuyao,30.05,121.15,90.0,43,0,15.66,CN,2020-09-07 03:54:13,clear sky
628,Manhattan,40.78,-73.97,73.4,68,1,8.88,US,2020-09-07 03:54:13,clear sky
629,Ust-Ishim,57.69,71.17,45.32,87,81,9.53,RU,2020-09-07 03:54:13,broken clouds
630,Maromitsa,59.87,48.01,55.76,82,81,7.83,RU,2020-09-07 03:54:14,broken clouds
631,Mumford,5.26,-0.76,74.66,89,93,10.94,GH,2020-09-07 03:54:14,overcast clouds
632,Baherden,38.44,57.43,75.47,17,0,12.24,TM,2020-09-07 03:54:14,clear sky
633,Liverpool,53.41,-2.98,57.0,67,78,6.4,GB,2020-09-07 03:54:14,broken clouds
634,Mansa,29.98,75.38,89.56,59,0,1.32,IN,2020-09-07 03:54:14,clear sky
635,Saurimo,-9.66,20.39,64.17,31,21,3.94,AO,2020-09-07 03:54:15,few clouds
636,Nurota,40.56,65.69,62.6,36,12,9.17,UZ,2020-09-07 03:54:15,few clouds
637,Tamandare,-8.76,-35.1,72.77,81,4,7.63,BR,2020-09-07 03:54:15,clear sky
638,Chumikan,54.72,135.31,62.74,77,81,8.88,RU,2020-09-07 03:54:15,broken clouds
639,Mareeba,-17.0,145.43,82.0,60,78,7.0,AU,2020-09-07 03:54:15,broken clouds
640,Algeciras,36.13,-5.45,71.6,88,13,8.05,ES,2020-09-07 03:54:16,few clouds
641,Raudeberg,61.99,5.14,50.0,93,100,21.9,NO,2020-09-07 03:54:16,overcast clouds
642,Dahuk,36.87,42.99,84.6,16,0,1.07,IQ,2020-09-07 03:54:16,clear sky
643,Crib Point,-38.35,145.2,75.0,36,0,19.17,AU,2020-09-07 03:54:16,clear sky
644,Otane,-39.88,176.63,53.01,64,26,5.99,NZ,2020-09-07 03:54:17,scattered clouds
645,Bambanglipuro,-7.95,110.28,83.98,63,85,13.96,ID,2020-09-07 03:54:17,overcast clouds
646,Tecoanapa,16.52,-98.75,79.66,76,97,3.06,MX,2020-09-07 03:54:17,overcast clouds
647,Belen,36.49,36.22,68.0,88,20,4.7,TR,2020-09-07 03:54:17,few clouds
648,Narok,-1.08,35.86,57.78,92,100,5.17,KE,2020-09-07 03:54:07,light rain
649,Cuamba,-14.8,36.54,57.24,86,15,2.28,MZ,2020-09-07 03:54:17,few clouds
650,Vuktyl,63.86,57.31,56.73,82,83,5.77,RU,2020-09-07 03:54:18,broken clouds
651,Kulhudhuffushi,6.62,73.07,82.51,77,100,17.45,MV,2020-09-07 03:54:18,overcast clouds
652,Constantine,36.37,6.61,60.8,87,20,2.24,DZ,2020-09-07 03:54:18,few clouds
653,Umm Kaddadah,13.6,26.69,80.55,49,97,7.45,SD,2020-09-07 03:54:18,overcast clouds
654,Vulcan,45.38,23.27,56.82,68,0,2.64,RO,2020-09-07 03:54:19,clear sky
655,Oussouye,12.48,-16.55,77.0,94,75,11.41,SN,2020-09-07 03:54:19,broken clouds
656,Marataizes,-21.04,-40.82,70.61,76,0,8.08,BR,2020-09-07 03:54:19,clear sky
657,Stornoway,58.21,-6.39,55.99,93,100,29.97,GB,2020-09-07 03:54:19,overcast clouds
658,Palembang,-2.92,104.75,87.8,62,40,10.29,ID,2020-09-07 03:54:20,scattered clouds
659,Vilyuysk,63.76,121.62,54.9,52,0,7.83,RU,2020-09-07 03:54:20,clear sky
660,Arya,33.6,73.07,77.0,78,40,6.93,PK,2020-09-07 03:54:20,scattered clouds
661,Caravelas,-17.71,-39.25,70.61,94,5,3.87,BR,2020-09-07 03:54:20,clear sky
662,Porto De Moz,-1.75,-52.24,76.12,88,42,4.7,BR,2020-09-07 03:54:20,scattered clouds
663,Cumberland,35.05,-78.87,69.01,88,1,3.36,US,2020-09-07 03:52:15,clear sky
664,Mnogovershinnyy,53.94,139.92,56.95,91,100,2.33,RU,2020-09-07 03:54:21,overcast clouds
665,Horsham,51.06,-0.33,54.0,100,70,1.12,GB,2020-09-07 03:54:21,broken clouds
666,Mehamn,71.04,27.85,48.2,93,90,10.29,NO,2020-09-07 03:54:21,shower rain
667,Aichach,48.46,11.13,55.99,87,80,2.24,DE,2020-09-07 03:54:21,broken clouds
668,Dubrovnik,42.65,18.09,71.6,43,0,5.82,HR,2020-09-07 03:54:21,clear sky
669,Ulagan,50.63,87.96,47.95,71,100,2.28,RU,2020-09-07 03:54:22,overcast clouds
670,Mantua,45.17,10.78,68.0,91,1,2.77,IT,2020-09-07 03:54:22,clear sky
671,Lubango,-14.92,13.49,57.34,40,1,5.82,AO,2020-09-07 03:54:22,clear sky
672,Ahtopol,42.1,27.95,64.99,87,0,4.7,BG,2020-09-07 03:54:22,clear sky
673,Kailua,21.4,-157.74,82.4,65,1,11.41,US,2020-09-07 03:54:22,clear sky
674,San Felipe,10.34,-68.74,72.66,91,50,1.3,VE,2020-09-07 03:54:23,scattered clouds
675,Gunjur,13.2,-16.73,73.4,100,75,10.29,GM,2020-09-07 03:54:23,light rain
676,Clyde River,70.47,-68.59,33.8,86,1,10.29,CA,2020-09-07 03:54:23,clear sky
677,Myitkyina,25.38,97.4,80.94,93,100,3.27,MM,2020-09-07 03:49:56,overcast clouds
678,Gosainganj,26.58,82.38,91.29,62,50,5.79,IN,2020-09-07 03:54:24,scattered clouds
679,Araguari,-18.65,-48.19,73.4,31,0,4.7,BR,2020-09-07 03:54:24,clear sky
680,Ilva Mica,47.32,24.67,56.12,73,0,4.38,RO,2020-09-07 03:54:24,clear sky
681,Tomatlan,19.93,-105.25,75.83,90,100,2.3,MX,2020-09-07 03:54:24,overcast clouds
682,Sao Sebastiao,-23.76,-45.41,68.88,89,12,2.37,BR,2020-09-07 03:54:24,few clouds
683,Ngunguru,-35.62,174.5,59.0,3,96,7.0,NZ,2020-09-07 03:54:25,overcast clouds
684,Barreirinha,-2.79,-57.07,81.12,53,80,1.57,BR,2020-09-07 03:54:25,broken clouds
685,Hailey,43.52,-114.32,66.99,13,0,7.54,US,2020-09-07 03:54:25,clear sky
686,Yangjiang,21.85,111.97,90.0,65,96,6.08,CN,2020-09-07 03:54:25,light rain
687,Malpe,13.35,74.72,78.8,88,75,4.7,IN,2020-09-07 03:54:26,broken clouds
688,Gladstone,-23.85,151.25,77.0,50,5,17.22,AU,2020-09-07 03:54:26,clear sky
689,Yeppoon,-23.13,150.73,78.8,44,0,14.99,AU,2020-09-07 03:54:26,clear sky
690,Whitianga,-36.83,175.7,60.01,74,93,5.99,NZ,2020-09-07 03:53:04,overcast clouds
691,Damaturu,11.75,11.96,73.74,78,99,4.94,NG,2020-09-07 03:54:26,overcast clouds
692,Saint-Augustin,51.23,-58.65,51.33,80,0,8.32,CA,2020-09-07 03:54:26,clear sky
693,Kitimat,54.05,-128.65,59.0,93,40,3.22,CA,2020-09-07 03:54:27,scattered clouds
694,Pontes E Lacerda,-15.23,-59.34,75.81,28,44,3.33,BR,2020-09-07 03:54:27,scattered clouds
695,Dhidhdhoo,6.88,73.1,82.58,76,100,18.57,MV,2020-09-07 03:54:27,overcast clouds
696,Kishi,9.08,3.85,69.21,97,97,5.91,NG,2020-09-07 03:54:27,overcast clouds
697,Rostovka,55.38,71.89,48.09,82,100,16.04,RU,2020-09-07 03:54:28,overcast clouds
698,Esmeralda,21.85,-78.12,78.8,94,17,5.82,CU,2020-09-07 03:54:28,few clouds
699,Sterling,39.01,-77.43,68.0,72,20,4.7,US,2020-09-07 03:54:28,few clouds
700,Portree,57.41,-6.19,55.0,93,100,30.0,GB,2020-09-07 03:54:28,light rain
701,Mogadishu,2.04,45.34,76.33,77,32,14.94,SO,2020-09-07 03:52:16,scattered clouds
702,Zhigansk,66.77,123.37,50.92,63,93,19.6,RU,2020-09-07 03:54:29,overcast clouds
703,Carmen,18.63,-91.83,83.17,78,84,20.56,MX,2020-09-07 03:49:36,broken clouds
704,Bani,18.28,-70.33,80.01,91,100,1.01,DO,2020-09-07 03:50:58,overcast clouds
705,Yumen,40.28,97.2,81.95,18,32,20.07,CN,2020-09-07 03:54:29,scattered clouds
706,Ugoofaaru,5.67,73.0,82.24,78,93,14.94,MV,2020-09-07 03:54:29,overcast clouds
707,Saraj,42.0,21.33,55.4,82,0,0.67,MK,2020-09-07 03:54:29,clear sky
708,Sangolqui,-0.33,-78.45,55.4,87,75,4.7,EC,2020-09-07 03:54:30,broken clouds
